{"cameraMode":{"drawMode":0,"name":"Shaded","section":"Shading Mode"},"sceneLighting":false,"audioPlay":false,"sceneViewState":{"showFog":true,"showMaterialUpdate":false,"showSkybox":false,"showFlares":true,"showImageEffects":true,"showParticleSystems":true},"in2DMode":false,"pivot":{"x":14.094947814941407,"y":17.537755966186525,"z":-39.89609909057617},"rotation":{"x":-0.05246229097247124,"y":-0.7009503841400147,"z":0.05182356759905815,"w":-0.7094049453735352},"size":0.28578585386276247,"orthographic":false}