{"cameraMode":{"drawMode":0,"name":"Shaded","section":"Shading Mode"},"sceneLighting":true,"audioPlay":false,"sceneViewState":{"showFog":true,"showMaterialUpdate":false,"showSkybox":true,"showFlares":true,"showImageEffects":true,"showParticleSystems":true},"in2DMode":false,"pivot":{"x":-6.922283172607422,"y":-2.7575645446777345,"z":2.198431968688965},"rotation":{"x":-0.27796241641044619,"y":0.6065309047698975,"z":-0.23896366357803346,"w":-0.7055163979530335},"size":15.87881851196289,"orthographic":false}